"['Stock: CTXS', 'Net: 31.61', 'Percent Gain: -100.0%']"
"['Stock: K', 'Net: -3.19', 'Percent Gain: -100.0%']"
"['Stock: XYL', 'Net: 8.82', 'Percent Gain: 9.49%']"
"['Stock: TSLA', 'Net: 654.13', 'Percent Gain: 1269.17%']"
"['Stock: LEN', 'Net: 1.91', 'Percent Gain: 2.57%']"
"['Stock: RRC', 'Net: 1.67', 'Percent Gain: -100.0%']"
"['Stock: WEN', 'Net: 0.96', 'Percent Gain: 4.58%']"
"['Stock: NCLH', 'Net: -1.03', 'Percent Gain: -3.89%']"
"['Stock: MAR', 'Net: -17.05', 'Percent Gain: -11.45%']"
"['Stock: ROST', 'Net: -5.5', 'Percent Gain: -4.29%']"
"['Stock: MMM', 'Net: 6.36', 'Percent Gain: 3.78%']"
"['Stock: PAYX', 'Net: 16.15', 'Percent Gain: 20.97%']"
"['Stock: MCHP', 'Net: 37.22', 'Percent Gain: 36.89%']"
"['Stock: AMG', 'Net: -9.01', 'Percent Gain: -8.14%']"
"['Stock: SLG', 'Net: 4.03', 'Percent Gain: 7.25%']"
"['Stock: PNC', 'Net: 18.67', 'Percent Gain: 14.33%']"
"['Stock: NDAQ', 'Net: 26.87', 'Percent Gain: 25.38%']"
"['Stock: SYY', 'Net: 14.85', 'Percent Gain: 25.0%']"
"['Stock: PVH', 'Net: 29.19', 'Percent Gain: 45.12%']"
"['Stock: NI', 'Net: -9.49', 'Percent Gain: -100.0%']"
"['Stock: AXP', 'Net: -24.41', 'Percent Gain: -16.8%']"
"['Stock: RMD', 'Net: 43.26', 'Percent Gain: 25.55%']"
"['Stock: OKE', 'Net: 7.01', 'Percent Gain: 22.35%']"
"['Stock: ANSS', 'Net: 102.04', 'Percent Gain: 38.98%']"
"['Stock: SRE', 'Net: -10.04', 'Percent Gain: -7.3%']"
"['Stock: UAL', 'Net: -4.38', 'Percent Gain: -9.2%']"
"['Stock: PFE', 'Net: -7.86', 'Percent Gain: -17.6%']"
"['Stock: AJG', 'Net: 30.52', 'Percent Gain: 32.75%']"
"['Stock: SYK', 'Net: 15.45', 'Percent Gain: 6.73%']"
"['Stock: VRTX', 'Net: 44.53', 'Percent Gain: -100.0%']"
"['Stock: PG', 'Net: 23.06', 'Percent Gain: 19.87%']"
"['Stock: BAX', 'Net: -20.74', 'Percent Gain: -100.0%']"
"['Stock: TMO', 'Net: 141.5', 'Percent Gain: 43.64%']"
"['Stock: WU', 'Net: -1.49', 'Percent Gain: -6.36%']"
"['Stock: BHF', 'Net: -30.98', 'Percent Gain: -46.11%']"
"['Stock: ULTA', 'Net: -73.65', 'Percent Gain: -20.41%']"
"['Stock: ZION', 'Net: 0.71', 'Percent Gain: 1.66%']"
"['Stock: CRM', 'Net: 20.24', 'Percent Gain: -100.0%']"
"['Stock: KMX', 'Net: 1.2', 'Percent Gain: 1.29%']"
"['Stock: VAR', 'Net: 21.64', 'Percent Gain: 14.11%']"
"['Stock: AES', 'Net: 5.57', 'Percent Gain: 31.07%']"
"['Stock: CHTR', 'Net: 163.05', 'Percent Gain: 32.71%']"
"['Stock: WAT', 'Net: -28.05', 'Percent Gain: -10.18%']"
"['Stock: SO', 'Net: 3.84', 'Percent Gain: 6.67%']"
"['Stock: ALGN', 'Net: 247.03', 'Percent Gain: 85.97%']"
"['Stock: CTXS', 'Net: 31.61', 'Percent Gain: -100.0%']"
"['Stock: AAL', 'Net: -9.59', 'Percent Gain: -37.82%']"
"['Stock: XLNX', 'Net: 33.23', 'Percent Gain: 30.62%']"
"['Stock: TPR', 'Net: 8.31', 'Percent Gain: 36.5%']"
"['Stock: ED', 'Net: -9.97', 'Percent Gain: -100.0%']"
"['Stock: ATVI', 'Net: 30.25', 'Percent Gain: 48.32%']"
"['Stock: TDG', 'Net: 182.74', 'Percent Gain: 41.9%']"
"['Stock: AKAM', 'Net: -8.01', 'Percent Gain: -100.0%']"
"['Stock: UPS', 'Net: 55.25', 'Percent Gain: 48.83%']"
"['Stock: DHR', 'Net: 54.82', 'Percent Gain: 32.76%']"
"['Stock: ADM', 'Net: 4.8', 'Percent Gain: 10.52%']"
"['Stock: GOOGL', 'Net: 303.31', 'Percent Gain: 20.93%']"
"['Stock: V', 'Net: -1.29', 'Percent Gain: -0.59%']"
"['Stock: AMP', 'Net: 34.19', 'Percent Gain: 21.35%']"
"['Stock: BLL', 'Net: 12.94', 'Percent Gain: 16.13%']"
"['Stock: DG', 'Net: 41.17', 'Percent Gain: 24.34%']"
"['Stock: WY', 'Net: 12.07', 'Percent Gain: 56.24%']"
"['Stock: EBAY', 'Net: 3.03', 'Percent Gain: 6.42%']"
"['Stock: APA', 'Net: -14.8', 'Percent Gain: -51.05%']"
"['Stock: MLM', 'Net: 62.8', 'Percent Gain: 28.39%']"
"['Stock: BWA', 'Net: -3.22', 'Percent Gain: -7.69%']"
"['Stock: ADP', 'Net: 8.95', 'Percent Gain: 5.35%']"
"['Stock: ESS', 'Net: -31.6', 'Percent Gain: -11.75%']"
"['Stock: CFG', 'Net: 0.59', 'Percent Gain: 1.68%']"
"['Stock: COF', 'Net: 26.38', 'Percent Gain: 36.4%']"
"['Stock: BBY', 'Net: 25.99', 'Percent Gain: -100.0%']"
"['Stock: CERN', 'Net: 1.06', 'Percent Gain: 1.37%']"
"['Stock: FRT', 'Net: -22.21', 'Percent Gain: -20.69%']"
"['Stock: CHRW', 'Net: -2.93', 'Percent Gain: -3.03%']"
"['Stock: FBHS', 'Net: 19.13', 'Percent Gain: 28.73%']"
"['Stock: CTAS', 'Net: 104.62', 'Percent Gain: 42.04%']"
"['Stock: BK', 'Net: -1.93', 'Percent Gain: -4.35%']"
"['Stock: GPN', 'Net: -21.59', 'Percent Gain: -9.11%']"
"['Stock: CAG', 'Net: 2.46', 'Percent Gain: 7.28%']"
"['Stock: BSX', 'Net: -5.51', 'Percent Gain: -100.0%']"
"['Stock: HSY', 'Net: -10.44', 'Percent Gain: -6.41%']"
"['Stock: CMI', 'Net: 70.76', 'Percent Gain: 45.26%']"
"['Stock: CB', 'Net: -1.11', 'Percent Gain: -0.72%']"
"['Stock: CBOE', 'Net: -0.31', 'Percent Gain: -0.33%']"
"['Stock: IDXX', 'Net: 201.41', 'Percent Gain: 67.48%']"
"['Stock: DISCA', 'Net: 3.16', 'Percent Gain: 11.73%']"
"['Stock: KO', 'Net: 7.34', 'Percent Gain: 15.45%']"
"['Stock: SCHW', 'Net: 8.59', 'Percent Gain: 19.33%']"
"['Stock: ISRG', 'Net: 215.41', 'Percent Gain: 35.74%']"
"['Stock: DXC', 'Net: 1.11', 'Percent Gain: 4.5%']"
"['Stock: C', 'Net: 3.8', 'Percent Gain: 6.57%']"
"['Stock: KMB', 'Net: -15.53', 'Percent Gain: -100.0%']"
"['Stock: COST', 'Net: 66.71', 'Percent Gain: 21.51%']"
"['Stock: DAL', 'Net: -2.44', 'Percent Gain: -5.72%']"
"['Stock: EQT', 'Net: 2.88', 'Percent Gain: -100.0%']"
"['Stock: LLY', 'Net: 46.17', 'Percent Gain: 37.64%']"
"['Stock: COP', 'Net: -9.63', 'Percent Gain: -19.41%']"
"['Stock: XOM', 'Net: -1.36', 'Percent Gain: -3.19%']"
"['Stock: MAS', 'Net: 6.67', 'Percent Gain: 13.82%']"
"['Stock: DHI', 'Net: 17.01', 'Percent Gain: 32.77%']"
"['Stock: EA', 'Net: 6.75', 'Percent Gain: 4.93%']"
"['Stock: MSFT', 'Net: 54.73', 'Percent Gain: 32.64%']"
"['Stock: FMC', 'Net: 24.12', 'Percent Gain: 26.56%']"
"['Stock: DISH', 'Net: -18.91', 'Percent Gain: -36.9%']"
"['Stock: NOV', 'Net: -4.73', 'Percent Gain: -25.62%']"
"['Stock: EXC', 'Net: -6.49', 'Percent Gain: -13.32%']"
"['Stock: EMN', 'Net: 22.34', 'Percent Gain: 28.66%']"
"['Stock: GIS', 'Net: -7.48', 'Percent Gain: -100.0%']"
"['Stock: EQIX', 'Net: 65.99', 'Percent Gain: -100.0%']"
"['Stock: NBL', 'Net: -5.4', 'Percent Gain: -100.0%']"
"['Stock: HAS', 'Net: 14.87', 'Percent Gain: 18.9%']"
"['Stock: FE', 'Net: 0.0', 'Percent Gain: 0%']"
"['Stock: FB', 'Net: 53.14', 'Percent Gain: 24.15%']"
"['Stock: ORCL', 'Net: 2.67', 'Percent Gain: 4.31%']"
"['Stock: HPQ', 'Net: 0.35', 'Percent Gain: 1.44%']"
"['Stock: GRMN', 'Net: 33.48', 'Percent Gain: 38.85%']"
"['Stock: PCG', 'Net: -4.38', 'Percent Gain: -26.01%']"
"['Stock: F', 'Net: 1.2', 'Percent Gain: 15.81%']"
"['Stock: IP', 'Net: 12.81', 'Percent Gain: 34.71%']"
"['Stock: HAL', 'Net: 0.49', 'Percent Gain: 2.66%']"
"['Stock: GPC', 'Net: -3.72', 'Percent Gain: -3.57%']"
"['Stock: PLD', 'Net: 3.35', 'Percent Gain: -100.0%']"
"['Stock: JPM', 'Net: 23.43', 'Percent Gain: 22.61%']"
"['Stock: HOLX', 'Net: 14.85', 'Percent Gain: 25.61%']"
"['Stock: SCG', 'Net: 0.04', 'Percent Gain: 400.0%']"
"['Stock: LH', 'Net: 38.8', 'Percent Gain: 23.55%']"
"['Stock: IR', 'Net: 5.62', 'Percent Gain: 14.07%']"
"['Stock: SPGI', 'Net: 15.88', 'Percent Gain: -100.0%']"
"['Stock: M', 'Net: 0.9', 'Percent Gain: 8.7%']"
"['Stock: HBAN', 'Net: 0.39', 'Percent Gain: 3.19%']"
"['Stock: TGT', 'Net: 63.4', 'Percent Gain: 56.04%']"
"['Stock: MTD', 'Net: 289.48', 'Percent Gain: 34.05%']"
"['Stock: TRIP', 'Net: -0.77', 'Percent Gain: -2.61%']"
"['Stock: KSS', 'Net: 9.53', 'Percent Gain: 30.58%']"
"['Stock: IFF', 'Net: -21.03', 'Percent Gain: -100.0%']"
"['Stock: MOS', 'Net: 4.82', 'Percent Gain: 26.5%']"
"['Stock: KSU', 'Net: 53.96', 'Percent Gain: 35.93%']"
"['Stock: L', 'Net: -3.82', 'Percent Gain: -7.82%']"
"['Stock: NEE', 'Net: 13.87', 'Percent Gain: 21.92%']"
"['Stock: VMC', 'Net: 31.03', 'Percent Gain: 26.46%']"
"['Stock: LEG', 'Net: 12.3', 'Percent Gain: 38.44%']"
"['Stock: MCD', 'Net: -20.9', 'Percent Gain: -8.88%']"
"['Stock: ORLY', 'Net: 56.98', 'Percent Gain: 14.4%']"
"['Stock: WLTW', 'Net: -20.85', 'Percent Gain: -9.01%']"
"['Stock: MPC', 'Net: -6.78', 'Percent Gain: -14.08%']"
"['Stock: MDLZ', 'Net: -1.74', 'Percent Gain: -2.89%']"
"['Stock: ABT', 'Net: 10.92', 'Percent Gain: 11.08%']"
"['Stock: PEP', 'Net: 6.17', 'Percent Gain: 4.34%']"
"['Stock: NWL', 'Net: 5.02', 'Percent Gain: 30.97%']"
"['Stock: AFL', 'Net: -3.9', 'Percent Gain: -8.06%']"
"['Stock: NOC', 'Net: -26.52', 'Percent Gain: -100.0%']"
"['Stock: MYL', 'Net: -2.21', 'Percent Gain: -10.55%']"
"['Stock: ADS', 'Net: 10.78', 'Percent Gain: 17.02%']"
"['Stock: DGX', 'Net: -0.76', 'Percent Gain: -0.63%']"
"['Stock: PDCO', 'Net: 7.14', 'Percent Gain: 31.75%']"
"['Stock: AIG', 'Net: -0.82', 'Percent Gain: -2.12%']"
"['Stock: NKE', 'Net: 44.18', 'Percent Gain: 45.41%']"
"['Stock: ROP', 'Net: 16.21', 'Percent Gain: 3.91%']"
"['Stock: PXD', 'Net: -28.16', 'Percent Gain: -19.82%']"
"['Stock: OMC', 'Net: -3.31', 'Percent Gain: -5.04%']"
"['Stock: ANTM', 'Net: -38.64', 'Percent Gain: -10.74%']"
"['Stock: SWKS', 'Net: 50.56', 'Percent Gain: 49.41%']"
"['Stock: PHM', 'Net: 6.69', 'Percent Gain: 18.36%']"
"['Stock: PRGO', 'Net: -22.42', 'Percent Gain: -100.0%']"
"['Stock: SNPS', 'Net: 109.81', 'Percent Gain: 73.49%']"
"['Stock: AIZ', 'Net: 18.95', 'Percent Gain: 16.16%']"
"['Stock: RSG', 'Net: 2.26', 'Percent Gain: 2.4%']"
"['Stock: PFG', 'Net: -19.6', 'Percent Gain: -28.32%']"
"['Stock: BMY', 'Net: -3.39', 'Percent Gain: -5.18%']"
"['Stock: SEE', 'Net: 7.46', 'Percent Gain: 19.46%']"
"['Stock: RJF', 'Net: -13.46', 'Percent Gain: -12.33%']"
"['Stock: CCL', 'Net: -1.47', 'Percent Gain: -6.36%']"
"['Stock: SRCL', 'Net: 5.19', 'Percent Gain: 8.09%']"
"['Stock: UNP', 'Net: 31.97', 'Percent Gain: 18.14%']"
"['Stock: RCL', 'Net: -11.28', 'Percent Gain: -13.12%']"
"['Stock: CHK', 'Net: -28.33', 'Percent Gain: -100.0%']"
"['Stock: TXT', 'Net: -7.26', 'Percent Gain: -13.06%']"
"['Stock: VZ', 'Net: -2.24', 'Percent Gain: -3.67%']"
"['Stock: SNA', 'Net: 14.01', 'Percent Gain: 8.92%']"
"['Stock: WDC', 'Net: -1.6', 'Percent Gain: -2.81%']"
"['Stock: UDR', 'Net: -6.83', 'Percent Gain: -15.09%']"
"['Stock: CLX', 'Net: 42.51', 'Percent Gain: -100.0%']"
"['Stock: TROW', 'Net: 30.94', 'Percent Gain: 25.69%']"
"['Stock: ZBH', 'Net: -2.03', 'Percent Gain: -1.3%']"
"['Stock: TSCO', 'Net: 10.31', 'Percent Gain: 7.91%']"
"['Stock: STZ', 'Net: 0.33', 'Percent Gain: 0.15%']"
"['Stock: VLO', 'Net: -12.21', 'Percent Gain: -17.75%']"
"['Stock: UNH', 'Net: 38.89', 'Percent Gain: 12.47%']"
"['Stock: AAP', 'Net: 5.43', 'Percent Gain: 3.57%']"
"['Stock: DRI', 'Net: 5.31', 'Percent Gain: 4.67%']"
"['Stock: WM', 'Net: -7.75', 'Percent Gain: -6.17%']"
"['Stock: ALXN', 'Net: 14.18', 'Percent Gain: 9.98%']"
"['Stock: DLTR', 'Net: -18.17', 'Percent Gain: -14.4%']"
"['Stock: XRX', 'Net: 1.02', 'Percent Gain: 4.6%']"
"['Stock: AEE', 'Net: -11.32', 'Percent Gain: -100.0%']"
"['Stock: ECL', 'Net: -30.56', 'Percent Gain: -12.38%']"
"['Stock: ACN', 'Net: 65.82', 'Percent Gain: 33.69%']"
"['Stock: WRK', 'Net: 4.74', 'Percent Gain: 12.22%']"
"['Stock: APH', 'Net: 26.19', 'Percent Gain: 25.04%']"
"['Stock: EL', 'Net: 66.39', 'Percent Gain: 33.23%']"
"['Stock: ZTS', 'Net: 34.8', 'Percent Gain: 26.63%']"
"['Stock: APD', 'Net: 21.25', 'Percent Gain: -100.0%']"
"['Stock: APTV', 'Net: 49.89', 'Percent Gain: 62.05%']"
"['Stock: FDX', 'Net: 79.1', 'Percent Gain: 43.82%']"
"['Stock: KEY', 'Net: 0.98', 'Percent Gain: 6.35%']"
"['Stock: ALL', 'Net: 11.25', 'Percent Gain: 11.4%']"
"['Stock: BEN', 'Net: -2.14', 'Percent Gain: -7.89%']"
"['Stock: AWK', 'Net: 16.46', 'Percent Gain: 12.01%']"
"['Stock: GS', 'Net: 13.03', 'Percent Gain: 5.2%']"
"['Stock: MMC', 'Net: 0.79', 'Percent Gain: 0.68%']"
"['Stock: BA', 'Net: -57.49', 'Percent Gain: -21.17%']"
"['Stock: AOS', 'Net: 3.66', 'Percent Gain: 7.15%']"
"['Stock: HES', 'Net: -22.32', 'Percent Gain: -29.72%']"
"['Stock: MU', 'Net: 13.42', 'Percent Gain: 21.73%']"
"['Stock: ADSK', 'Net: 112.09', 'Percent Gain: 58.0%']"
"['Stock: CPB', 'Net: -7.42', 'Percent Gain: -100.0%']"
"['Stock: INFO', 'Net: 19.83', 'Percent Gain: 28.33%']"
"['Stock: PGR', 'Net: 12.15', 'Percent Gain: 14.01%']"
"['Stock: IVZ', 'Net: 2.83', 'Percent Gain: 19.38%']"
"['Stock: CTL', 'Net: -1.27', 'Percent Gain: -11.52%']"
"['Stock: O', 'Net: -14.35', 'Percent Gain: -18.75%']"
"['Stock: KIM', 'Net: 0.04', 'Percent Gain: 0.27%']"
"['Stock: CINF', 'Net: -27.7', 'Percent Gain: -24.07%']"
"['Stock: LNC', 'Net: -21.6', 'Percent Gain: -30.04%']"
"['Stock: SBAC', 'Net: 40.81', 'Percent Gain: -100.0%']"
"['Stock: CMG', 'Net: 369.49', 'Percent Gain: 36.32%']"
"['Stock: CMA', 'Net: 5.47', 'Percent Gain: 10.86%']"
"['Stock: MA', 'Net: 28.01', 'Percent Gain: 8.52%']"
"['Stock: LUV', 'Net: -3.28', 'Percent Gain: -6.57%']"
"['Stock: CMS', 'Net: 0.15', 'Percent Gain: -100.0%']"
"['Stock: ADBE', 'Net: 165.1', 'Percent Gain: 49.28%']"
"['Stock: CSX', 'Net: 9.37', 'Percent Gain: 11.51%']"
"['Stock: MAA', 'Net: 0.49', 'Percent Gain: 0.39%']"
"['Stock: GLW', 'Net: 0.47', 'Percent Gain: 1.32%']"
"['Stock: NAVI', 'Net: -1.23', 'Percent Gain: -11.13%']"
"['Stock: ALB', 'Net: 60.85', 'Percent Gain: 70.21%']"
"['Stock: DFS', 'Net: 27.72', 'Percent Gain: 44.13%']"
"['Stock: DE', 'Net: 72.59', 'Percent Gain: 36.95%']"
"['Stock: DUK', 'Net: -11.07', 'Percent Gain: -10.79%']"
"['Stock: MO', 'Net: -2.73', 'Percent Gain: -6.24%']"
"['Stock: JWN', 'Net: 7.82', 'Percent Gain: 33.43%']"
"['Stock: EOG', 'Net: -13.38', 'Percent Gain: -21.15%']"
"['Stock: DOV', 'Net: 19.42', 'Percent Gain: 18.18%']"
"['Stock: PCAR', 'Net: 11.45', 'Percent Gain: 15.3%']"
"['Stock: AME', 'Net: 30.12', 'Percent Gain: 33.16%']"
"['Stock: EXR', 'Net: 7.8', 'Percent Gain: 7.22%']"
"['Stock: EW', 'Net: 10.72', 'Percent Gain: 13.32%']"
"['Stock: AAPL', 'Net: 60.65', 'Percent Gain: 84.19%']"
"['Stock: PM', 'Net: -12.75', 'Percent Gain: -13.35%']"
"['Stock: RE', 'Net: -18.38', 'Percent Gain: -7.28%']"
"['Stock: FLR', 'Net: 1.33', 'Percent Gain: 9.08%']"
"['Stock: PRU', 'Net: -3.22', 'Percent Gain: -3.96%']"
"['Stock: AVB', 'Net: -45.74', 'Percent Gain: -22.19%']"
"['Stock: FITB', 'Net: 1.38', 'Percent Gain: 5.27%']"
"['Stock: REG', 'Net: -4.08', 'Percent Gain: -8.21%']"
"['Stock: BLK', 'Net: 208.34', 'Percent Gain: 40.6%']"
"['Stock: HIG', 'Net: -1.14', 'Percent Gain: -2.27%']"
"['Stock: COG', 'Net: -3.84', 'Percent Gain: -100.0%']"
"['Stock: GPS', 'Net: 5.6', 'Percent Gain: 38.38%']"
"['Stock: SLB', 'Net: -1.04', 'Percent Gain: -4.55%']"
"['Stock: HST', 'Net: 0.79', 'Percent Gain: 5.71%']"
"['Stock: CNC', 'Net: -12.95', 'Percent Gain: -100.0%']"
"['Stock: INCY', 'Net: -19.96', 'Percent Gain: -100.0%']"
"['Stock: GWW', 'Net: 113.37', 'Percent Gain: 38.43%']"
"['Stock: SWK', 'Net: 28.86', 'Percent Gain: 19.28%']"
"['Stock: CI', 'Net: -58.55', 'Percent Gain: -21.95%']"
"['Stock: HLT', 'Net: 22.65', 'Percent Gain: 25.56%']"
"['Stock: TEL', 'Net: 33.95', 'Percent Gain: 38.97%']"
"['Stock: JCI', 'Net: 10.18', 'Percent Gain: 27.96%']"
"['Stock: ILMN', 'Net: -10.75', 'Percent Gain: -2.82%']"
"['Stock: CL', 'Net: 8.71', 'Percent Gain: 11.34%']"
"['Stock: FOXA', 'Net: -6.52', 'Percent Gain: -18.29%']"
"['Stock: IRM', 'Net: -8.48', 'Percent Gain: -22.34%']"
"['Stock: CCI', 'Net: -30.39', 'Percent Gain: -100.0%']"
"['Stock: UHS', 'Net: 27.14', 'Percent Gain: 24.59%']"
"['Stock: KLAC', 'Net: 101.78', 'Percent Gain: 64.77%']"
"['Stock: DVN', 'Net: -0.88', 'Percent Gain: -5.27%']"
"['Stock: MAC', 'Net: 1.45', 'Percent Gain: 15.73%']"
"['Stock: WMT', 'Net: 1.6', 'Percent Gain: 1.12%']"
"['Stock: LMT', 'Net: -41.48', 'Percent Gain: -100.0%']"
"['Stock: DTE', 'Net: 1.43', 'Percent Gain: 1.19%']"
"['Stock: MET', 'Net: 1.8', 'Percent Gain: 3.99%']"
"['Stock: ABBV', 'Net: 15.21', 'Percent Gain: 16.54%']"
"['Stock: MS', 'Net: 14.84', 'Percent Gain: 27.64%']"
"['Stock: MKC', 'Net: 12.3', 'Percent Gain: -100.0%']"
"['Stock: ETR', 'Net: -14.26', 'Percent Gain: -100.0%']"
"['Stock: A', 'Net: 35.33', 'Percent Gain: 42.48%']"
"['Stock: LNT', 'Net: -0.87', 'Percent Gain: -100.0%']"
"['Stock: NWS', 'Net: 3.08', 'Percent Gain: 20.97%']"
"['Stock: TAP', 'Net: -6.57', 'Percent Gain: -12.69%']"
"['Stock: EXPD', 'Net: 11.61', 'Percent Gain: 13.9%']"
"['Stock: AMT', 'Net: -48.67', 'Percent Gain: -100.0%']"
"['Stock: NFLX', 'Net: 156.06', 'Percent Gain: 40.57%']"
"['Stock: FLIR', 'Net: -8.35', 'Percent Gain: -16.0%']"
"['Stock: NVDA', 'Net: 334.67', 'Percent Gain: 178.46%']"
"['Stock: AON', 'Net: -17.1', 'Percent Gain: -7.49%']"
"['Stock: NTRS', 'Net: -7.56', 'Percent Gain: -7.51%']"
"['Stock: PBCT', 'Net: -2.51', 'Percent Gain: -16.26%']"
"['Stock: GD', 'Net: -37.96', 'Percent Gain: -20.32%']"
"['Stock: T', 'Net: -1.02', 'Percent Gain: -3.43%']"
"['Stock: PH', 'Net: 54.6', 'Percent Gain: 25.07%']"
"['Stock: PPL', 'Net: -1.39', 'Percent Gain: -100.0%']"
"['Stock: HOG', 'Net: 1.52', 'Percent Gain: 4.32%']"
"['Stock: BDX', 'Net: -69.13', 'Percent Gain: -21.65%']"
"['Stock: PNW', 'Net: -36.89', 'Percent Gain: -100.0%']"
"['Stock: QCOM', 'Net: 75.43', 'Percent Gain: 98.08%']"
"['Stock: HON', 'Net: 44.44', 'Percent Gain: 26.41%']"
"['Stock: AVGO', 'Net: 100.55', 'Percent Gain: 29.81%']"
"['Stock: COL', 'Net: -17.98', 'Percent Gain: -100.0%']"
"['Stock: PSA', 'Net: 5.57', 'Percent Gain: 2.47%']"
"['Stock: ICE', 'Net: 23.13', 'Percent Gain: 25.1%']"
"['Stock: CAT', 'Net: 37.44', 'Percent Gain: 25.9%']"
"['Stock: SPG', 'Net: 14.76', 'Percent Gain: 20.93%']"
"['Stock: RF', 'Net: -0.38', 'Percent Gain: -2.3%']"
"['Stock: SJM', 'Net: 4.91', 'Percent Gain: 4.44%']"
"['Stock: CVX', 'Net: -38.67', 'Percent Gain: -31.41%']"
"['Stock: SYF', 'Net: 5.56', 'Percent Gain: 19.07%']"
"['Stock: STX', 'Net: 14.46', 'Percent Gain: 30.31%']"
"['Stock: KR', 'Net: 7.58', 'Percent Gain: -100.0%']"
"['Stock: CME', 'Net: -32.73', 'Percent Gain: -15.24%']"
"['Stock: TJX', 'Net: -0.44', 'Percent Gain: -0.64%']"
"['Stock: STT', 'Net: -18.4', 'Percent Gain: -20.18%']"
"['Stock: LYB', 'Net: 5.52', 'Percent Gain: 6.41%']"
"['Stock: UA', 'Net: 0.15', 'Percent Gain: 1.02%']"
"['Stock: COO', 'Net: -28.13', 'Percent Gain: -7.19%']"
"['Stock: TXN', 'Net: 40.19', 'Percent Gain: 32.43%']"
"['Stock: MDT', 'Net: 16.52', 'Percent Gain: 16.42%']"
"['Stock: VRSK', 'Net: 30.51', 'Percent Gain: 17.23%']"
"['Stock: DVA', 'Net: 46.39', 'Percent Gain: 65.33%']"
"['Stock: MNST', 'Net: 22.71', 'Percent Gain: 32.55%']"
"['Stock: TSN', 'Net: -6.59', 'Percent Gain: -9.28%']"
"['Stock: D', 'Net: -21.35', 'Percent Gain: -100.0%']"
"['Stock: NEM', 'Net: 16.19', 'Percent Gain: -100.0%']"
"['Stock: YUM', 'Net: 4.48', 'Percent Gain: 4.3%']"
"['Stock: VFC', 'Net: 14.13', 'Percent Gain: 19.82%']"
"['Stock: EIX', 'Net: 0.59', 'Percent Gain: 0.95%']"
"['Stock: NRG', 'Net: -6.15', 'Percent Gain: -14.07%']"
"['Stock: AMD', 'Net: 60.65', 'Percent Gain: 195.27%']"
"['Stock: DIS', 'Net: 43.6', 'Percent Gain: 31.69%']"
"['Stock: PYPL', 'Net: 103.9', 'Percent Gain: 79.74%']"
"['Stock: ES', 'Net: -14.15', 'Percent Gain: -100.0%']"
"['Stock: ARE', 'Net: 7.37', 'Percent Gain: 4.31%']"
"['Stock: RL', 'Net: 9.83', 'Percent Gain: 10.47%']"
"['Stock: AMZN', 'Net: 1202.07', 'Percent Gain: 58.5%']"
"['Stock: XEL', 'Net: -10.56', 'Percent Gain: -100.0%']"
"['Stock: FIS', 'Net: -20.41', 'Percent Gain: -12.61%']"
"['Stock: QRVO', 'Net: 85.43', 'Percent Gain: 105.68%']"
"['Stock: FCX', 'Net: 13.83', 'Percent Gain: 113.45%']"
"['Stock: TRV', 'Net: 15.94', 'Percent Gain: 12.81%']"
"['Stock: AMGN', 'Net: 3.6', 'Percent Gain: -100.0%']"
"['Stock: RHI', 'Net: -6.25', 'Percent Gain: -9.09%']"
"['Stock: URI', 'Net: 59.12', 'Percent Gain: 34.21%']"
"['Stock: GT', 'Net: -1.74', 'Percent Gain: -13.75%']"
"['Stock: AMAT', 'Net: 24.05', 'Percent Gain: 38.63%']"
"['Stock: VNO', 'Net: -9.12', 'Percent Gain: -19.63%']"
"['Stock: SHW', 'Net: 197.95', 'Percent Gain: 36.86%']"
"['Stock: HPE', 'Net: 1.13', 'Percent Gain: 10.54%']"
"['Stock: AVY', 'Net: 41.54', 'Percent Gain: 36.58%']"
"['Stock: WHR', 'Net: 48.71', 'Percent Gain: 36.96%']"
"['Stock: STI', 'Net: 4.18', 'Percent Gain: 6.34%']"
"['Stock: ITW', 'Net: 29.74', 'Percent Gain: 17.08%']"
"['Stock: HRB', 'Net: -0.97', 'Percent Gain: -100.0%']"
"['Stock: WMB', 'Net: -2.65', 'Percent Gain: -11.67%']"
"['Stock: TIF', 'Net: 12.51', 'Percent Gain: 10.52%']"
"['Stock: IQV', 'Net: 17.0', 'Percent Gain: 10.48%']"
"['Stock: CDNS', 'Net: 50.64', 'Percent Gain: 59.03%']"
"['Stock: USB', 'Net: 7.45', 'Percent Gain: 19.03%']"
"['Stock: CNP', 'Net: -2.8', 'Percent Gain: -11.46%']"
"['Stock: KMI', 'Net: -4.67', 'Percent Gain: -25.46%']"
"['Stock: LKQ', 'Net: 0.32', 'Percent Gain: 0.92%']"
"['Stock: ALLE', 'Net: -9.54', 'Percent Gain: -7.58%']"
"['Stock: XEC', 'Net: -6.1', 'Percent Gain: -13.99%']"
"['Stock: VTR', 'Net: 6.69', 'Percent Gain: 15.8%']"
"['Stock: CMCSA', 'Net: 3.77', 'Percent Gain: 7.75%']"
"['Stock: MAT', 'Net: 3.25', 'Percent Gain: 22.89%']"
"['Stock: WEC', 'Net: -11.3', 'Percent Gain: -100.0%']"
"['Stock: AEP', 'Net: -12.07', 'Percent Gain: -100.0%']"
"['Stock: MHK', 'Net: 12.07', 'Percent Gain: 9.37%']"
"['Stock: XL', 'Net: 11.47', 'Percent Gain: 93.56%']"
"['Stock: ADI', 'Net: 32.07', 'Percent Gain: 27.73%']"
"['Stock: NTAP', 'Net: 14.63', 'Percent Gain: 28.35%']"
"['Stock: AYI', 'Net: -23.81', 'Percent Gain: -16.43%']"
"['Stock: DLR', 'Net: 18.12', 'Percent Gain: -100.0%']"
"['Stock: NSC', 'Net: 47.05', 'Percent Gain: 24.69%']"
"['Stock: ARNC', 'Net: 0.0', 'Percent Gain: 0%']"
"['Stock: ALK', 'Net: 5.63', 'Percent Gain: 12.14%']"
"['Stock: DRE', 'Net: 0.79', 'Percent Gain: 2.02%']"
"['Stock: PKG', 'Net: 39.15', 'Percent Gain: 39.64%']"
"['Stock: BAC', 'Net: -4.07', 'Percent Gain: -11.84%']"
"['Stock: GOOG', 'Net: 415.85', 'Percent Gain: 31.13%']"
"['Stock: PSX', 'Net: -2.24', 'Percent Gain: -3.1%']"
"['Stock: BXP', 'Net: -8.77', 'Percent Gain: -8.49%']"
"['Stock: ABC', 'Net: -3.04', 'Percent Gain: -100.0%']"
"['Stock: PEG', 'Net: 2.28', 'Percent Gain: 4.07%']"
"['Stock: CAH', 'Net: -11.02', 'Percent Gain: -17.06%']"
"['Stock: REGN', 'Net: 168.96', 'Percent Gain: -100.0%']"
"['Stock: AIV', 'Net: 0.59', 'Percent Gain: 12.58%']"
"['Stock: CF', 'Net: -2.91', 'Percent Gain: -6.99%']"
"['Stock: FLS', 'Net: 2.65', 'Percent Gain: 7.75%']"
"['Stock: AZO', 'Net: 5.87', 'Percent Gain: 0.5%']"
"['Stock: CSCO', 'Net: -5.49', 'Percent Gain: -10.93%']"
"['Stock: GE', 'Net: 0.76', 'Percent Gain: 7.57%']"
"['Stock: BIIB', 'Net: 11.14', 'Percent Gain: -100.0%']"
"['Stock: CXO', 'Net: -9.32', 'Percent Gain: -13.77%']"
"['Stock: SBUX', 'Net: 12.26', 'Percent Gain: 12.94%']"
"['Stock: CVS', 'Net: -7.3', 'Percent Gain: -9.66%']"
"['Stock: DISCK', 'Net: -0.43', 'Percent Gain: -1.62%']"
"['Stock: FTI', 'Net: -1.45', 'Percent Gain: -13.36%']"
"['Stock: HRL', 'Net: -5.66', 'Percent Gain: -100.0%']"
"['Stock: CHD', 'Net: -16.76', 'Percent Gain: -100.0%']"
"['Stock: ETFC', 'Net: -11.22', 'Percent Gain: -18.55%']"
"['Stock: FOX', 'Net: -7.46', 'Percent Gain: -20.53%']"
"['Stock: CTSH', 'Net: 12.38', 'Percent Gain: 17.8%']"
"['Stock: IBM', 'Net: -53.3', 'Percent Gain: -29.75%']"
"['Stock: UNM', 'Net: -3.66', 'Percent Gain: -13.76%']"
"['Stock: EFX', 'Net: 22.34', 'Percent Gain: 13.1%']"
"['Stock: JNJ', 'Net: -4.07', 'Percent Gain: -2.52%']"
"['Stock: COTY', 'Net: -1.99', 'Percent Gain: -22.09%']"
"['Stock: FFIV', 'Net: 31.1', 'Percent Gain: 21.47%']"
"['Stock: WBA', 'Net: -1.55', 'Percent Gain: -3.74%']"
"['Stock: LB', 'Net: 5.39', 'Percent Gain: 16.95%']"
"['Stock: XRAY', 'Net: -8.84', 'Percent Gain: -14.44%']"
"['Stock: FL', 'Net: -0.84', 'Percent Gain: -2.03%']"
"['Stock: WYNN', 'Net: -16.87', 'Percent Gain: -13.01%']"
"['Stock: GM', 'Net: 0.96', 'Percent Gain: 2.36%']"
"['Stock: MTB', 'Net: -17.85', 'Percent Gain: -12.3%']"
"['Stock: HSIC', 'Net: -20.89', 'Percent Gain: -23.81%']"
"['Stock: HCA', 'Net: 30.93', 'Percent Gain: 23.16%']"
"['Stock: EMR', 'Net: 5.39', 'Percent Gain: 7.19%']"
"['Stock: MRK', 'Net: -2.36', 'Percent Gain: -2.8%']"
"['Stock: HUM', 'Net: -6.91', 'Percent Gain: -100.0%']"
"['Stock: ETN', 'Net: 24.9', 'Percent Gain: 26.14%']"
"['Stock: EXPE', 'Net: 20.16', 'Percent Gain: 17.96%']"
"['Stock: MCO', 'Net: -7.12', 'Percent Gain: -2.39%']"
"['Stock: FISV', 'Net: -4.39', 'Percent Gain: -3.71%']"
"['Stock: IPG', 'Net: -0.02', 'Percent Gain: -0.08%']"
"['Stock: EQR', 'Net: -6.48', 'Percent Gain: -9.85%']"
"['Stock: NWSA', 'Net: 2.87', 'Percent Gain: 19.01%']"
"['Stock: JNPR', 'Net: -4.67', 'Percent Gain: -17.18%']"
"['Stock: IT', 'Net: -14.25', 'Percent Gain: -8.17%']"
"['Stock: FAST', 'Net: 11.21', 'Percent Gain: 29.8%']"
"['Stock: NUE', 'Net: 2.63', 'Percent Gain: 5.2%']"
"['Stock: LRCX', 'Net: 189.69', 'Percent Gain: 67.13%']"
"['Stock: HBI', 'Net: -0.13', 'Percent Gain: -100.0%']"
"['Stock: FTV', 'Net: 3.52', 'Percent Gain: 5.23%']"
"['Stock: PNR', 'Net: 14.57', 'Percent Gain: 37.82%']"
"['Stock: MRO', 'Net: -1.45', 'Percent Gain: -17.86%']"
"['Stock: HD', 'Net: 14.57', 'Percent Gain: 5.8%']"
"['Stock: GILD', 'Net: -11.06', 'Percent Gain: -100.0%']"
"['Stock: PPG', 'Net: 37.89', 'Percent Gain: 35.63%']"
"['Stock: MGM', 'Net: 6.56', 'Percent Gain: 26.29%']"
"['Stock: INTC', 'Net: -17.62', 'Percent Gain: -100.0%']"
"['Stock: PWR', 'Net: 27.48', 'Percent Gain: 61.7%']"
"['Stock: HP', 'Net: -2.18', 'Percent Gain: -8.6%']"
"['Stock: MSI', 'Net: -4.4', 'Percent Gain: -2.52%']"
"['Stock: JBHT', 'Net: 30.86', 'Percent Gain: 29.17%']"
"['Stock: HII', 'Net: -18.95', 'Percent Gain: -10.0%']"
"['Stock: ROK', 'Net: 45.49', 'Percent Gain: 22.16%']"
"['Stock: NLSN', 'Net: 1.05', 'Percent Gain: 5.3%']"
"['Stock: KHC', 'Net: -1.14', 'Percent Gain: -3.18%']"
"['Stock: INTU', 'Net: 69.15', 'Percent Gain: 22.26%']"
"['Stock: OXY', 'Net: -4.31', 'Percent Gain: -19.94%']"
"['Stock: SIG', 'Net: 6.16', 'Percent Gain: 29.18%']"
"['Stock: LOW', 'Net: 32.16', 'Percent Gain: 25.06%']"
"['Stock: PKI', 'Net: 26.99', 'Percent Gain: 23.17%']"
"['Stock: MCK', 'Net: 2.05', 'Percent Gain: 1.19%']"
"['Stock: UAA', 'Net: 0.06', 'Percent Gain: 0.35%']"
"['Stock: VRSN', 'Net: -29.74', 'Percent Gain: -12.08%']"
"['Stock: WFC', 'Net: -1.08', 'Percent Gain: -3.45%']"
